"Model","Vertices","Indices","InvalidIndices"
"ArrowBlue.h","97","558","0"
"ArrowGreen.h","97","558","0"
"ArrowRed.h","97","558","0"
"Cube.h","8","36","0"
"Grid.h","4","6","0"
"MoveBlue.h","11","26","0"
"MoveGreen.h","11","26","0"
"MoveRed.h","11","26","0"
"Octopus.h","60002","360000","0"
"PePe.h","59972","360000","0"
"Plane.h","4","6","0"
"RotateBlue.h","64","128","0"
"RotateGreen.h","64","128","0"
"RotateRed.h","64","128","0"
"ScaleBlue.h","72","408","0"
"ScaleGreen.h","72","408","0"
"ScaleRed.h","72","408","0"
"Sphere.h","482","2880","0"
"Triangle.h","3","3","0"
